Name,FL SN,PS SN,,,,,,,
LGV,010402f8,,,,,,,,
FL-130,0104039d,,,,,,,,
FL-153,0402001E,4010029,,,,,,,
FL-154,4020024,4010002,,,,,,,
FL-155,0402000e,4010031,,,,,,,
FL-156,4020023,0401000A,,,,,,,
FL-162,0402002c,4010019,,,,,,,
FL-163,4020022,4010026,,,,,,,
FL-164,0402000f,0401001D,,,,,,,
FL-165,4020019,4010025,,,,,,,
FL-177,0402001F,4010021,,,,,,,
FL-178,4020004,0401001C,,,,,,,
FL-179,0402001d,4010017,,,,,,,
FL-180,4020021,4010003,,,,,,,
FL-182,4020014,0401000E,,,,,,,
FL-183,4020017,4010010,,,,,,,
FL-187,4020001,4010024,,,,,,,
FL-189,4020018,4010012,,,,,,,1
FL-190,0402000d,4010015,,,,,,,
FL-191,4020016,0401003C,,,,,,,
FL-192,4020013,0401002E,,,,,,,
FL-220,0402002d,,,,,,,,
FL-221,4020026,,,,,,,,
FL-222,4020032,,,,,,,,
FL-227,4020027,4010034,,,,,,,
FL-228,0402002e,4010040,,,,,,,
FL-229,4020025,4010009,,,,,,,
FL-230,4020010,4010007,,,,,,,
FL-244,0402001c,0401002B,,,,,,,
FL-245,4020009,4010011,,,,,,,
FL-247,4020020,0401002F,,,,,,,
FL-251,0402001a,4010001,,,,,,,
FL-252,4020029,0401001B,,,,,,,
FL-253,0402000B,0401003B,,,,,,,
FL-254,4020033,4010035,,,,,,,
FL-255,4020030,4010022,,,,,,,
FL-256,4020012,0401003F,,,,,,,
FL-257,4020006,0401001F,,,,,,,
FL-258,0402000A,4010028,,,,,,,
FL-259,0402000c,0401002A,,,,,,,
FL-260,4020003,0401000D,,,,,,,
FL-261,4020007,0401001E,,,,,,,
FL-262,4020005,4010016,,,,,,,
FL-263,4020015,0401000B,,,,,,,
FL-264,4020008,4010005,,,,,,,
FL-265,4020011,4010027,,,,,,,
FL-284,0402001B,0401003E,,,,,,,
FL-286,0402002B,4010038,,,,,,,
FL-287,4020034,4010008,,,,,,,